[{"restaurant_name":"Spicy City","cuisine_type":"Chinese"},{"restaurant_name":"Tajima","cuisine_type":"Ramen"},{"restaurant_name":"B H Chung","cuisine_type":"Korean"},{"restaurant_name":"Nozomi","cuisine_type":"Sushi"},{"restaurant_name":"Jersey Mike's","cuisine_type":"Sandwiches"},{"restaurant_name":"Super Sergio's","cuisine_type":"Tacos"},{"restaurant_name":"O'Briens","cuisine_type":"Bar Food"},{"restaurant_name":"Raki Raki","cuisine_type":"Ramen"},{"restaurant_name":"Dumpling Inn","cuisine_type":"Chinese"},{"restaurant_name":"Tapioka Express","cuisine_type":"Coffee Shop"},{"restaurant_name":"Pangaea","cuisine_type":"Coffee Shop"},{"restaurant_name":"Korea House","cuisine_type":"Korean"}]